"","album_release_year","danceability","energy","key","loudness","mode","speechiness","acousticness","instrumentalness","liveness","valence","tempo","duration_ms","explicit","track_name","external_urls.spotify","album_name","key_name","mode_name","key_mode"
"1",2019,0.588,0.793,7,-6.23,1,0.0794,0.466,0.000647,0.913,0.694,76.997,112239,FALSE,"Every Hour","https://open.spotify.com/track/1WnqWQcWcuQbVzgE7ecfCY","JESUS IS KING","G","major","G major"
"2",2019,0.482,0.618,9,-5.673,0,0.197,0.647,0.000859,0.32,0.146,90.076,164619,FALSE,"Selah","https://open.spotify.com/track/39JRmdKFka1Oe09FoOCPI4","JESUS IS KING","A","minor","A minor"
"3",2019,0.529,0.9,1,-3.503,1,0.418,0.000248,1.21e-05,0.0426,0.434,180.291,104591,FALSE,"Follow God","https://open.spotify.com/track/2QpGZOhTCHHiKmpSO9FW4h","JESUS IS KING","C#","major","C# major"
"4",2019,0.799,0.291,11,-7.353,0,0.0318,0.873,0.000641,0.139,0.406,97.984,151873,FALSE,"Closed On Sunday","https://open.spotify.com/track/3JWiDGQX2eTlFvKj3Yssj3","JESUS IS KING","B","minor","B minor"
"5",2019,0.41,0.886,9,-4.413,0,0.155,0.0671,0,0.461,0.393,72.577,136350,FALSE,"On God","https://open.spotify.com/track/2SasoXZyv82yYgHiVOvxQn","JESUS IS KING","A","minor","A minor"
"6",2019,0.894,0.416,9,-6.823,0,0.0538,0.312,0,0.146,0.463,116.96,116559,FALSE,"Everything We Need","https://open.spotify.com/track/24bnCCysWnbNRNUT4LpHcP","JESUS IS KING","A","minor","A minor"
"7",2019,0.505,0.281,2,-12.404,1,0.1,0.57,0.000254,0.163,0.283,82.338,168419,FALSE,"Water","https://open.spotify.com/track/454Epa1vrCGFddHXKyC1kb","JESUS IS KING","D","major","D major"
"8",2019,0.656,0.637,1,-3.867,1,0.0256,0.34,0,0.187,0.267,105.037,203141,FALSE,"God Is","https://open.spotify.com/track/6xRWoYwfwIKnT8bQGzKbxR","JESUS IS KING","C#","major","C# major"
"9",2019,0.514,0.393,1,-8.72,0,0.529,0.558,0,0.282,0.598,78.039,203174,FALSE,"Hands On","https://open.spotify.com/track/7r6aR2f57resC5r93LwMfK","JESUS IS KING","C#","minor","C# minor"
"10",2019,0.611,0.459,0,-3.926,0,0.0422,0.614,0,0.126,0.177,148.28,213877,FALSE,"Use This Gospel","https://open.spotify.com/track/0oPOuDmmkVp3h6puekhs6P","JESUS IS KING","C","minor","C minor"
"11",2019,0.243,0.26,4,-5.876,0,0.0305,0.828,4.03e-05,0.532,0.327,76.61,49292,FALSE,"Jesus Is Lord","https://open.spotify.com/track/7sBgFMWqDWQgrsNSpIBoe8","JESUS IS KING","E","minor","E minor"
"12",2018,0.58,0.469,0,-5.946,0,0.104,0.126,7.32e-05,0.099,0.369,110.573,165053,TRUE,"Feel The Love","https://open.spotify.com/track/3aUFrxO1B8EW63QchEl3wX","KIDS SEE GHOSTS","C","minor","C minor"
"13",2018,0.709,0.751,6,-3.801,1,0.16,0.472,4.71e-06,0.182,0.37,104.999,140526,TRUE,"Fire","https://open.spotify.com/track/7oHkit3F3vimtsBbnZkU0G","KIDS SEE GHOSTS","F#","major","F# major"
"14",2018,0.765,0.542,1,-6.755,1,0.39,0.278,1.87e-05,0.609,0.734,171.945,153351,TRUE,"4th Dimension","https://open.spotify.com/track/6JyEh4kl9DLwmSAoNDRn5b","KIDS SEE GHOSTS","C#","major","C# major"
"15",2018,0.334,0.81,9,-4.855,0,0.0632,0.00457,0,0.158,0.306,151.643,206605,TRUE,"Freeee (Ghost Town Pt. 2)","https://open.spotify.com/track/7GRTrWsP3yo2Fx8umJfA1X","KIDS SEE GHOSTS","A","minor","A minor"
"16",2018,0.585,0.597,0,-7.499,1,0.037,0.339,0.0404,0.195,0.227,100.051,324674,TRUE,"Reborn","https://open.spotify.com/track/4RVbK6cV0VqWdpCDcx3hiT","KIDS SEE GHOSTS","C","major","C major"
"17",2018,0.841,0.682,2,-7.007,1,0.0458,0.113,9.65e-05,0.131,0.338,94.985,245098,TRUE,"Kids See Ghosts","https://open.spotify.com/track/2I3dW2dCBZAJGj5X21E53k","KIDS SEE GHOSTS","D","major","D major"
"18",2018,0.729,0.504,8,-6.784,0,0.0321,0.401,1.44e-06,0.121,0.305,110.011,197000,TRUE,"Cudi Montage","https://open.spotify.com/track/4kUZvXB3LC3an3HX6h0s17","KIDS SEE GHOSTS","G#","minor","G# minor"
"19",2018,0.752,0.396,2,-7.932,1,0.411,0.867,0,0.0486,0.417,116.016,274186,TRUE,"I Thought About Killing You","https://open.spotify.com/track/0yhxBvedRdGxsPZHJNI4VA","ye","D","major","D major"
"20",2018,0.683,0.776,1,-3.251,0,0.341,0.15,0,0.227,0.223,173.996,188773,TRUE,"Yikes","https://open.spotify.com/track/1qsHYUd2c1wFGcn7e63QmG","ye","C#","minor","C# minor"
"21",2018,0.925,0.31,11,-6.531,0,0.291,0.123,0,0.0931,0.291,121.927,145506,TRUE,"All Mine","https://open.spotify.com/track/3U21A07gAloCc4P7J8rxcn","ye","B","minor","B minor"
"22",2018,0.556,0.432,3,-8.551,1,0.545,0.495,0,0.308,0.352,164.235,205546,TRUE,"Wouldn't Leave","https://open.spotify.com/track/1nGoy0cEj0extAwXYNYTWd","ye","D#","major","D# major"
"23",2018,0.643,0.646,10,-2.442,0,0.0629,0.0393,0,0.109,0.35,80.174,123040,TRUE,"No Mistakes","https://open.spotify.com/track/35KV2Nuib6jPMVN00O8iba","ye","A#","minor","A# minor"
"24",2018,0.573,0.545,7,-4.247,0,0.0288,0.0969,0,0.329,0.297,83.378,271386,TRUE,"Ghost Town","https://open.spotify.com/track/7vgTNTaEz3CsBZ1N4YQalM","ye","G","minor","G minor"
"25",2018,0.669,0.419,1,-6.724,0,0.522,0.376,0,0.187,0.0397,109.813,215320,TRUE,"Violent Crimes","https://open.spotify.com/track/3s7MCdXyWmwjdcWh7GWXas","ye","C#","minor","C# minor"
"26",2016,0.596,0.393,8,-8.714,1,0.383,0.637,0,0.539,0.36,107.425,320680,TRUE,"Ultralight Beam","https://open.spotify.com/track/1eQBEelI2NCy7AUTerX0KS","The Life Of Pablo","G#","major","G# major"
"27",2016,0.714,0.566,7,-4.408,1,0.056,0.142,1.25e-06,0.57,0.449,113.074,135920,TRUE,"Father Stretch My Hands Pt. 1","https://open.spotify.com/track/4KW1lqgSr8TKrvBII0Brf8","The Life Of Pablo","G","major","G major"
"28",2016,0.67,0.724,11,-4.141,1,0.361,0.577,0,0.789,0.285,145.105,130293,TRUE,"Pt. 2","https://open.spotify.com/track/1Wsbr1d2BouNGk2q92mIj7","The Life Of Pablo","B","major","B major"
"29",2016,0.474,0.741,6,-3.69,1,0.111,0.0602,0,0.115,0.402,174.1,196040,TRUE,"Famous","https://open.spotify.com/track/19a3JfW8BQwqHWUMbcqSx8","The Life Of Pablo","F#","major","F# major"
"30",2016,0.837,0.562,1,-6.038,1,0.492,0.593,0,0.104,0.149,100.17,147240,TRUE,"Feedback","https://open.spotify.com/track/49fT6owWuknekShh9utsjv","The Life Of Pablo","C#","major","C# major"
"31",2016,0.583,0.582,7,-4.745,1,0.115,0.726,0,0.123,0.568,96.606,131773,TRUE,"Low Lights","https://open.spotify.com/track/36o4taPyOdnOMf01ERmn9a","The Life Of Pablo","G","major","G major"
"32",2016,0.545,0.625,2,-6.234,1,0.162,0.00573,0,0.304,0.377,101.963,199866,TRUE,"Highlights","https://open.spotify.com/track/4qYLPta5HZ36idWiXtqh7B","The Life Of Pablo","D","major","D major"
"33",2016,0.472,0.562,9,-8.295,0,0.0965,0.0476,0,0.0901,0.508,125.524,123386,TRUE,"Freestyle 4","https://open.spotify.com/track/6wfzokDylbrJzrJcpnBkcy","The Life Of Pablo","A","minor","A minor"
"34",2016,0.664,0.383,9,-7.807,1,0.764,0.581,0,0.234,0.963,159.613,44826,TRUE,"I Love Kanye","https://open.spotify.com/track/5CGS4UovzA7ftCJkLVXQju","The Life Of Pablo","A","major","A major"
"35",2016,0.386,0.587,10,-4.454,1,0.0519,0.0363,3.71e-06,0.332,0.0565,96.072,181573,TRUE,"Waves","https://open.spotify.com/track/3nAq2hCr1oWsIU54tS98pL","The Life Of Pablo","A#","major","A# major"
"36",2016,0.667,0.423,9,-7.146,0,0.0822,0.313,0,0.193,0.156,125.116,236120,TRUE,"FML","https://open.spotify.com/track/30Zcjs7pgEkmJA1lEbGSWT","The Life Of Pablo","A","minor","A minor"
"37",2016,0.445,0.746,6,-6.281,0,0.456,0.268,0.00033,0.138,0.121,170.612,251573,TRUE,"Real Friends","https://open.spotify.com/track/66Q3fAmSX5eHamgbKa9alP","The Life Of Pablo","F#","minor","F# minor"
"38",2016,0.539,0.399,1,-8.016,1,0.045,0.186,0.00255,0.131,0.118,78.248,301586,TRUE,"Wolves","https://open.spotify.com/track/432hUIl3ISDeytYW5XBQ5h","The Life Of Pablo","C#","major","C# major"
"39",2016,0,0.151,11,-7.033,1,0,0.974,0,0.104,0,0,38333,TRUE,"Frank's Track","https://open.spotify.com/track/20r94xA0bsYNLtYSiOE6r3","The Life Of Pablo","B","major","B major"
"40",2016,0.726,0.417,9,-11.953,1,0.925,0.982,7.78e-05,0.119,0.914,72.019,56560,TRUE,"Siiiiiiiiilver Surffffeeeeer Intermission","https://open.spotify.com/track/1ZnA4VYOlYIShuGt60LmCs","The Life Of Pablo","A","major","A major"
"41",2016,0.822,0.813,7,-6.736,1,0.291,0.032,0,0.107,0.357,95.122,323302,TRUE,"30 Hours","https://open.spotify.com/track/2CHmgtK8OCL28WtIK96u4N","The Life Of Pablo","G","major","G major"
"42",2016,0.525,0.924,5,-1.613,1,0.3,0.231,0,0.221,0.697,93.798,374413,TRUE,"No More Parties In LA","https://open.spotify.com/track/0zLClc0emc6qUeV1p5nc99","The Life Of Pablo","F","major","F major"
"43",2016,0.769,0.648,1,-3.78,0,0.177,0.0465,0,0.201,0.401,142.074,200733,TRUE,"Facts (Charlie Heat Version)","https://open.spotify.com/track/3MnbXlC1N7GdS9M8HzA6no","The Life Of Pablo","C#","minor","C# minor"
"44",2016,0.756,0.766,9,-5.793,0,0.088,0.1,0,0.313,0.288,105.986,193747,TRUE,"Fade","https://open.spotify.com/track/3cCxoOgfi6hgt8MNteuiiD","The Life Of Pablo","A","minor","A minor"
"45",2016,0.502,0.768,2,-4.102,0,0.344,0.273,0,0.204,0.403,168.218,372113,TRUE,"Saint Pablo","https://open.spotify.com/track/1o0kWPueYo94LIjPYOE5Nf","The Life Of Pablo","D","minor","D minor"
"46",2016,0.615,0.394,8,-9.024,1,0.394,0.627,0,0.522,0.387,105.359,320666,FALSE,"Ultralight Beam","https://open.spotify.com/track/233zMH3IJcVKOUPCIaDSYt","The Life Of Pablo","G#","major","G# major"
"47",2016,0.715,0.541,7,-4.196,1,0.0605,0.112,3.83e-06,0.675,0.431,113.019,135933,FALSE,"Father Stretch My Hands Pt. 1","https://open.spotify.com/track/1vO7XJH8q1LBzobiVwZ2qU","The Life Of Pablo","G","major","G major"
"48",2016,0.679,0.748,11,-4.176,1,0.35,0.575,0,0.799,0.226,144.999,130280,FALSE,"Pt. 2","https://open.spotify.com/track/10SKMXfjUsaqTYXob5sWuX","The Life Of Pablo","B","major","B major"
"49",2016,0.59,0.717,6,-3.787,1,0.0597,0.0854,0,0.118,0.404,86.997,196040,FALSE,"Famous","https://open.spotify.com/track/1wcAkqcQgGBgVIRNnlKu0L","The Life Of Pablo","F#","major","F# major"
"50",2016,0.84,0.536,11,-6.154,1,0.451,0.572,0,0.0966,0.196,100.184,147253,FALSE,"Feedback","https://open.spotify.com/track/56nFA0v3qSD3Z2F0s5oQvN","The Life Of Pablo","B","major","B major"
"51",2016,0.645,0.598,7,-4.684,1,0.0977,0.714,0,0.13,0.536,99.191,131760,FALSE,"Low Lights","https://open.spotify.com/track/5ey2DLW8yl1KuUxpIwFxmW","The Life Of Pablo","G","major","G major"
"52",2016,0.55,0.627,2,-6.275,1,0.176,0.00478,0,0.11,0.415,101.981,199880,FALSE,"Highlights","https://open.spotify.com/track/0kzwSKkQxAgGn0pyckjMf8","The Life Of Pablo","D","major","D major"
"53",2016,0.464,0.514,7,-8.534,1,0.101,0.0285,0,0.0864,0.404,125.565,123373,FALSE,"Freestyle 4","https://open.spotify.com/track/3BNsBtBMvwKp0DDBjYRXSO","The Life Of Pablo","G","major","G major"
"54",2016,0.751,0.365,3,-7.901,0,0.664,0.518,0,0.217,0.965,79.948,44840,FALSE,"I Love Kanye","https://open.spotify.com/track/5TxoFC0jupCZQGQDyq9aIj","The Life Of Pablo","D#","minor","D# minor"
"55",2016,0.577,0.608,10,-4.568,1,0.0384,0.0442,1.4e-05,0.333,0.047,96.143,181573,FALSE,"Waves","https://open.spotify.com/track/5NpnQEPjEtfwtLMsHkPv83","The Life Of Pablo","A#","major","A# major"
"56",2016,0.561,0.403,0,-7.184,1,0.114,0.342,2.16e-06,0.191,0.135,125.157,236106,FALSE,"FML","https://open.spotify.com/track/1fVGY3NKdlSG7M2C6AXIi5","The Life Of Pablo","C","major","C major"
"57",2016,0.534,0.735,6,-6.278,0,0.413,0.333,0.000405,0.141,0.135,114.293,251586,FALSE,"Real Friends","https://open.spotify.com/track/7JywOyn7TOIIbW51MThQ0k","The Life Of Pablo","F#","minor","F# minor"
"58",2016,0.355,0.375,1,-8.101,1,0.0559,0.201,0.0044,0.179,0.105,78.031,301586,FALSE,"Wolves","https://open.spotify.com/track/0KB2axNBBLnuTUHonrkTA0","The Life Of Pablo","C#","major","C# major"
"59",2016,0.585,0.19,11,-6.898,1,0.0938,0.975,0,0.105,0.714,174.362,38333,FALSE,"Frank's Track","https://open.spotify.com/track/58kikhzxjR5yaA1t8LFLqJ","The Life Of Pablo","B","major","B major"
"60",2016,0.757,0.391,10,-11.943,0,0.917,0.982,0.000141,0.11,0.886,73.149,56546,FALSE,"Siiiiiiiiilver Surffffeeeeer Intermission","https://open.spotify.com/track/4PfU3GhDhIWJ36NZVvTJXV","The Life Of Pablo","A#","minor","A# minor"
"61",2016,0.824,0.813,7,-6.761,1,0.283,0.031,0,0.0899,0.372,94.999,323302,FALSE,"30 Hours","https://open.spotify.com/track/6yUB65Z1OACTZEQ25x8Z4j","The Life Of Pablo","G","major","G major"
"62",2016,0.549,0.896,9,-2.526,0,0.301,0.221,0,0.234,0.687,93.827,374413,FALSE,"No More Parties In LA","https://open.spotify.com/track/7AHTJwdJsotomeMf6Q7lyo","The Life Of Pablo","A","minor","A minor"
"63",2016,0.78,0.636,1,-4.137,0,0.161,0.0549,0,0.138,0.364,142.08,200933,FALSE,"Facts (Charlie Heat Version)","https://open.spotify.com/track/2W8XhZX8E6LBRani3CKSU9","The Life Of Pablo","C#","minor","C# minor"
"64",2016,0.767,0.586,9,-6.786,0,0.0507,0.164,3.83e-06,0.301,0.419,105.996,199413,FALSE,"Fade","https://open.spotify.com/track/3jxbd8H8XyzrWmOL8JX0Uk","The Life Of Pablo","A","minor","A minor"
"65",2013,0.613,0.486,11,-3.135,0,0.342,0.452,0,0.279,0.497,105.111,156480,TRUE,"On Sight","https://open.spotify.com/track/1gqkRc9WtOpnGIqxf2Hvzr","Yeezus","B","minor","B minor"
"66",2013,0.775,0.823,1,-6.091,1,0.271,0.000954,0,0.144,0.273,130.041,188013,TRUE,"Black Skinhead","https://open.spotify.com/track/722tgOgdIbNe3BEyLnejw4","Yeezus","C#","major","C# major"
"67",2013,0.516,0.538,9,-7.425,0,0.0726,0.0341,0.000805,0.163,0.294,112.053,231506,TRUE,"I Am A God","https://open.spotify.com/track/0HMCdlOPJkAGlB0MlSWIcO","Yeezus","A","minor","A minor"
"68",2013,0.5,0.593,1,-4.34,1,0.0898,0.141,6.21e-06,0.0969,0.329,68.456,256093,TRUE,"New Slaves","https://open.spotify.com/track/4cAgkb0ifwn0FSHGXnr4F6","Yeezus","C#","major","C# major"
"69",2013,0.493,0.333,8,-10.313,1,0.0342,0.0147,5.66e-06,0.116,0.0399,106.808,326946,TRUE,"Hold My Liquor","https://open.spotify.com/track/5nIu0VwPOsjkF61zfevLKh","Yeezus","G#","major","G# major"
"70",2013,0.573,0.599,1,-4.584,1,0.352,0.13,0,0.0642,0.45,120.142,234853,TRUE,"I'm In It","https://open.spotify.com/track/52NmkyHsGsHGb1UX8fTkMg","Yeezus","C#","major","C# major"
"71",2013,0.415,0.681,2,-4.104,0,0.189,0.385,0,0.101,0.364,171.893,359800,TRUE,"Blood On The Leaves","https://open.spotify.com/track/42GcjriRK6srwHkfbkBqVl","Yeezus","D","minor","D minor"
"72",2013,0.62,0.658,4,-6.054,0,0.0638,0.151,1.11e-05,0.145,0.589,138.995,243746,TRUE,"Guilt Trip","https://open.spotify.com/track/5nPOM0nFRAJ3XI8xCxNAzO","Yeezus","E","minor","E minor"
"73",2013,0.698,0.547,9,-5.21,1,0.33,0.3,6.34e-05,0.328,0.404,93.003,178040,TRUE,"Send It Up","https://open.spotify.com/track/3RKblQNJs8HPvWBgXmq6nn","Yeezus","A","major","A major"
"74",2013,0.359,0.662,1,-2.843,1,0.0466,0.134,0,0.0907,0.288,152.096,229146,TRUE,"Bound 2","https://open.spotify.com/track/3sNVsP50132BTNlImLx70i","Yeezus","C#","major","C# major"
"75",2012,0.722,0.556,4,-8.194,1,0.124,0.211,0,0.104,0.534,141.925,230986,FALSE,"To The World - Album Version (Edited)","https://open.spotify.com/track/6TPTfc7wJIT2jh5Aa8VuGz","Kanye West Presents Good Music Cruel Summer","E","major","E major"
"76",2012,0.717,0.541,9,-5.942,0,0.235,0.0562,0,0.306,0.327,109.448,293533,FALSE,"Clique - Album Version (Edited)","https://open.spotify.com/track/7fuuAPjPDyLGyFaJEkSxAb","Kanye West Presents Good Music Cruel Summer","A","minor","A minor"
"77",2012,0.553,0.57,6,-7.82,0,0.422,0.0514,0.000102,0.424,0.454,140.162,326280,FALSE,"Mercy.1 - Album Version (Edited)","https://open.spotify.com/track/0nh1o1936u4X7MaatN56j8","Kanye West Presents Good Music Cruel Summer","F#","minor","F# minor"
"78",2012,0.475,0.949,3,-3.041,0,0.49,0.459,0,0.722,0.398,173.797,357293,FALSE,"New God Flow.1 - Album Version (Edited)","https://open.spotify.com/track/7yyXLa0qfOqyR17qfy8cm8","Kanye West Presents Good Music Cruel Summer","D#","minor","D# minor"
"79",2012,0.522,0.582,7,-6.903,1,0.408,0.036,0,0.241,0.185,80.483,275213,FALSE,"The Morning - Album Version (Edited)","https://open.spotify.com/track/6oilcOya1YbTc9ibBp2bJs","Kanye West Presents Good Music Cruel Summer","G","major","G major"
"80",2012,0.671,0.888,4,-4.094,0,0.0831,0.0017,0,0.239,0.612,106.705,216213,FALSE,"Cold.1 - Album Version (Edited)","https://open.spotify.com/track/69TBeUU01dxrQKZYEzKaVE","Kanye West Presents Good Music Cruel Summer","E","minor","E minor"
"81",2012,0.658,0.65,5,-7.952,0,0.116,0.0158,0.000211,0.122,0.276,153.974,274280,FALSE,"Higher - Album Version (Edited)","https://open.spotify.com/track/2hhfoWnSh1RIYrOhXzhAOA","Kanye West Presents Good Music Cruel Summer","F","minor","F minor"
"82",2012,0.55,0.625,10,-8.462,0,0.117,0.0425,0,0.0823,0.237,82.946,268386,FALSE,"Sin City - Album Version (Edited)","https://open.spotify.com/track/5yyW5zyUXeVcdoBFmxRjAf","Kanye West Presents Good Music Cruel Summer","A#","minor","A# minor"
"83",2012,0.529,0.757,6,-5.333,0,0.145,0.0391,0,0.127,0.256,139.919,344880,FALSE,"The One - Album Version (Edited)","https://open.spotify.com/track/7CfxN8x1qsUrova92PF8P2","Kanye West Presents Good Music Cruel Summer","F#","minor","F# minor"
"84",2012,0.605,0.74,2,-8.084,1,0.0842,0.0217,0.00192,0.115,0.0767,197.961,194013,FALSE,"Creepers - Album Version (Edited)","https://open.spotify.com/track/51PO0Md0UhUWdzN4hcEuiN","Kanye West Presents Good Music Cruel Summer","D","major","D major"
"85",2012,0.356,0.66,3,-8.216,1,0.0401,0.0127,0,0.445,0.411,76.368,210013,FALSE,"Bliss - Album Version (Edited)","https://open.spotify.com/track/62I2M5Nz5VdCLygDMgDZUM","Kanye West Presents Good Music Cruel Summer","D#","major","D# major"
"86",2012,0.499,0.604,2,-5.443,1,0.296,0.00708,0,0.113,0.626,132.069,282880,FALSE,"Don't Like.1 - Album Version (Edited)","https://open.spotify.com/track/51mK2xGop7WMDVeuHLvhWP","Kanye West Presents Good Music Cruel Summer","D","major","D major"
"87",2010,0.59,0.587,5,-5.919,1,0.0457,0.274,0,0.167,0.367,88.015,280786,TRUE,"Dark Fantasy","https://open.spotify.com/track/7yNK27ZTpHew0c55VvIJgm","My Beautiful Dark Twisted Fantasy","F","major","F major"
"88",2010,0.603,0.713,1,-3.625,0,0.0317,0.0207,0.000179,0.431,0.12,91.953,357653,TRUE,"Gorgeous","https://open.spotify.com/track/23SZWX2IaDnxmhFsSLvkG2","My Beautiful Dark Twisted Fantasy","C#","minor","C# minor"
"89",2010,0.543,0.915,0,-4.746,0,0.113,0.0162,0,0.744,0.577,153.998,292093,TRUE,"POWER","https://open.spotify.com/track/2gZUPNdnz5Y45eiGxpHGSc","My Beautiful Dark Twisted Fantasy","C","minor","C minor"
"90",2010,0.296,0.0792,10,-16.569,0,0.0392,0.902,0.591,0.128,0.497,111.272,62253,TRUE,"All Of The Lights (Interlude)","https://open.spotify.com/track/4D6TpthzUVNTjWQqfBW5Kb","My Beautiful Dark Twisted Fantasy","A#","minor","A# minor"
"91",2010,0.541,0.803,1,-3.284,1,0.0738,0.0796,1.71e-05,0.176,0.221,142.135,299613,TRUE,"All Of The Lights","https://open.spotify.com/track/22L7bfCiAkJo5xGSQgmiIO","My Beautiful Dark Twisted Fantasy","C#","major","C# major"
"92",2010,0.628,0.692,2,-5.64,1,0.202,0.00244,0.013,0.668,0.0964,124.791,378893,TRUE,"Monster","https://open.spotify.com/track/1ZHYJ2Wwgxes4m8Ba88PeK","My Beautiful Dark Twisted Fantasy","D","major","D major"
"93",2010,0.629,0.754,1,-5.873,0,0.289,0.255,0,0.63,0.58,87.07,397666,TRUE,"So Appalled","https://open.spotify.com/track/6K07Ahf6V7CAQn0ikrOztl","My Beautiful Dark Twisted Fantasy","C#","minor","C# minor"
"94",2010,0.433,0.76,8,-4.935,0,0.0726,0.0175,0,0.158,0.205,79.789,351946,TRUE,"Devil In A New Dress","https://open.spotify.com/track/1UGD3lW3tDmgZfAVDh6w7r","My Beautiful Dark Twisted Fantasy","G#","minor","G# minor"
"95",2010,0.571,0.568,1,-3.827,0,0.0703,0.218,0.0021,0.512,0.109,86.986,547733,TRUE,"Runaway","https://open.spotify.com/track/3DK6m7It6Pw857FcQftMds","My Beautiful Dark Twisted Fantasy","C#","minor","C# minor"
"96",2010,0.449,0.813,8,-5.478,1,0.129,0.00142,0.000172,0.106,0.452,177.962,327786,TRUE,"Hell Of A Life","https://open.spotify.com/track/3rCNmRonlHN1TXQLcG3dSk","My Beautiful Dark Twisted Fantasy","G#","major","G# major"
"97",2010,0.425,0.581,10,-5.964,0,0.0646,0.305,6.3e-05,0.11,0.636,83.352,469866,TRUE,"Blame Game","https://open.spotify.com/track/4EndPA8b6FDWYp1RgsnLEB","My Beautiful Dark Twisted Fantasy","A#","minor","A# minor"
"98",2010,0.609,0.746,5,-5.249,0,0.184,0.115,0.0087,0.427,0.277,117.072,256586,TRUE,"Lost In The World","https://open.spotify.com/track/2Im64pIz6m0EJKdUe6eZ8r","My Beautiful Dark Twisted Fantasy","F","minor","F minor"
"99",2010,0.676,0.843,1,-6.111,1,0.359,0.228,0.000718,0.856,0.597,116.152,98200,TRUE,"Who Will Survive In America","https://open.spotify.com/track/4e5IPJxSGVWPsaxQzdRseN","My Beautiful Dark Twisted Fantasy","C#","major","C# major"
"100",2010,0.578,0.553,5,-5.806,1,0.0539,0.317,0,0.244,0.44,88.13,280760,FALSE,"Dark Fantasy - Album Version (Edited)","https://open.spotify.com/track/5X1YAG6achNpwegOnpSpW4","My Beautiful Dark Twisted Fantasy","F","major","F major"
"101",2010,0.606,0.733,6,-3.516,0,0.0366,0.0201,0.000138,0.221,0.107,91.922,357653,FALSE,"Gorgeous - Album Version (Edited)","https://open.spotify.com/track/6AIZHjujMcYXIZB83K9PvP","My Beautiful Dark Twisted Fantasy","F#","minor","F# minor"
"102",2010,0.531,0.913,8,-4.911,1,0.135,0.0144,0,0.466,0.521,153.989,292093,FALSE,"POWER - Album Version (Edited)","https://open.spotify.com/track/76mzio0HuYMaCfIDd5EU1w","My Beautiful Dark Twisted Fantasy","G#","major","G# major"
"103",2010,0.236,0.115,10,-16.457,0,0.0349,0.912,0.926,0.142,0.485,86.401,62266,FALSE,"All Of The Lights (Interlude) - Album Version (Edited)","https://open.spotify.com/track/3htSLs0ybihAinToA4qeg7","My Beautiful Dark Twisted Fantasy","A#","minor","A# minor"
"104",2010,0.516,0.794,1,-3.236,1,0.0619,0.0907,2.93e-05,0.231,0.228,141.839,299600,FALSE,"All Of The Lights - Album Version (Edited)","https://open.spotify.com/track/7zbDSQelDmlaEhUDnLMViZ","My Beautiful Dark Twisted Fantasy","C#","major","C# major"
"105",2010,0.626,0.66,11,-5.668,0,0.24,0.00281,0.0151,0.51,0.0982,124.503,378853,FALSE,"Monster - Album Version (Edited)","https://open.spotify.com/track/4ge5ZqmeLSYVMFKx6uBaLr","My Beautiful Dark Twisted Fantasy","B","minor","B minor"
"106",2010,0.58,0.735,1,-5.838,0,0.309,0.251,0,0.746,0.628,87.339,397786,FALSE,"So Appalled - Album Version (Edited)","https://open.spotify.com/track/4WdjB2pNcPKUUNvkxjfS6D","My Beautiful Dark Twisted Fantasy","C#","minor","C# minor"
"107",2010,0.452,0.766,8,-5.044,0,0.0728,0.0157,0,0.119,0.215,79.528,352546,FALSE,"Devil In A New Dress - Album Version (Edited)","https://open.spotify.com/track/1aXd53glkFxrsuNi68oj1p","My Beautiful Dark Twisted Fantasy","G#","minor","G# minor"
"108",2010,0.373,0.578,1,-3.813,0,0.141,0.216,0.00297,0.513,0.0985,81.794,547666,FALSE,"Runaway - Album Version (Edited)","https://open.spotify.com/track/40GwxjniW9i4DR2BwMFK0x","My Beautiful Dark Twisted Fantasy","C#","minor","C# minor"
"109",2010,0.446,0.807,10,-5.449,0,0.161,0.00151,0.000231,0.164,0.442,177.912,327826,FALSE,"Hell Of A Life - Album Version (Edited)","https://open.spotify.com/track/5gOfAAoDKhErKo94iMBBde","My Beautiful Dark Twisted Fantasy","A#","minor","A# minor"
"110",2010,0.625,0.576,5,-6.127,0,0.0432,0.289,0.000219,0.121,0.629,86.174,469853,FALSE,"Blame Game - Album Version (Edited)","https://open.spotify.com/track/25tnzTtHMhJvO9Uf4cgypv","My Beautiful Dark Twisted Fantasy","F","minor","F minor"
"111",2010,0.612,0.766,5,-5.12,0,0.201,0.127,0.00339,0.386,0.235,117.055,256586,FALSE,"Lost In The World - Album Version (Edited)","https://open.spotify.com/track/4CYnFun0trMgIumHFJqH7n","My Beautiful Dark Twisted Fantasy","F","minor","F minor"
"112",2010,0.667,0.831,5,-6.202,0,0.37,0.252,0.000693,0.837,0.532,116.298,98213,FALSE,"Who Will Survive In America - Album Version (Edited)","https://open.spotify.com/track/65ItjvCQ8Pc1Mw7HGMO1MF","My Beautiful Dark Twisted Fantasy","F","minor","F minor"
"113",2008,0.603,0.401,0,-10.155,0,0.0306,0.542,0.225,0.103,0.347,172.633,377600,FALSE,"Say You Will","https://open.spotify.com/track/4ulYASOuCUwa2hQRsE2OVh","808s & Heartbreak","C","minor","C minor"
"114",2008,0.677,0.435,7,-11.024,0,0.033,0.0985,0.721,0.111,0.0729,95.991,262933,FALSE,"Welcome To Heartbreak","https://open.spotify.com/track/5Qhq7GH9AOvpP6h7QkRWTl","808s & Heartbreak","G","minor","G minor"
"115",2008,0.79,0.647,10,-5.983,0,0.136,0.0515,0,0.248,0.654,87.999,211000,FALSE,"Heartless","https://open.spotify.com/track/4ZMJshw6UOvaTWWThYtEoW","808s & Heartbreak","A#","minor","A# minor"
"116",2008,0.588,0.554,8,-8.406,1,0.0545,0.216,0.118,0.0619,0.496,146.133,238333,FALSE,"Amazing","https://open.spotify.com/track/01UniWABhnIka7GgvzOC02","808s & Heartbreak","G#","major","G# major"
"117",2008,0.76,0.524,1,-7.67,0,0.0323,0.0542,0.5,0.112,0.112,119.603,270306,FALSE,"Love Lockdown","https://open.spotify.com/track/05bIHrj5BTUoQxXZS6IH3M","808s & Heartbreak","C#","minor","C# minor"
"118",2008,0.587,0.611,6,-7.408,1,0.106,0.114,9.83e-05,0.0765,0.464,114.991,277906,FALSE,"Paranoid","https://open.spotify.com/track/6S4ifbZ4Q2DhhD0ysxftK3","808s & Heartbreak","F#","major","F# major"
"119",2008,0.698,0.447,5,-8.04,0,0.102,0.157,0.00564,0.405,0.407,133.776,274360,FALSE,"RoboCop","https://open.spotify.com/track/02IlA1DlVZa5chlik45jv5","808s & Heartbreak","F","minor","F minor"
"120",2008,0.644,0.487,6,-9.654,1,0.034,0.0287,0.0166,0.206,0.467,125.528,189906,FALSE,"Street Lights","https://open.spotify.com/track/5ByRHOS9edOQr436aB8NdN","808s & Heartbreak","F#","major","F# major"
"121",2008,0.749,0.436,9,-11.99,1,0.0393,0.0288,0.201,0.114,0.167,106.171,238773,FALSE,"Bad News","https://open.spotify.com/track/3I9MY53joyhqFNKjqGHJKy","808s & Heartbreak","A","major","A major"
"122",2008,0.676,0.432,7,-8.035,0,0.0339,0.0626,0,0.103,0.156,124.597,258120,FALSE,"See You In My Nightmares","https://open.spotify.com/track/60903t5ee2xtH5dHJ0AnPQ","808s & Heartbreak","G","minor","G minor"
"123",2008,0.761,0.516,0,-10.229,1,0.044,0.171,3.21e-06,0.265,0.562,133.999,164333,FALSE,"Coldest Winter","https://open.spotify.com/track/3Oa5mzKpQM8MrpcylcnnNJ","808s & Heartbreak","C","major","C major"
"124",2008,0.341,0.281,10,-13.204,0,0.0501,0.95,0,0.948,0.306,74.997,361600,FALSE,"Pinocchio Story - Freestyle / Live From Singapore","https://open.spotify.com/track/2H4MsAq1bT8Wr78Sc8WFJg","808s & Heartbreak","A#","minor","A# minor"
"125",2008,0.611,0.4,0,-10.197,0,0.0304,0.59,0.174,0.109,0.313,172.662,377600,FALSE,"Say You Will","https://open.spotify.com/track/5e5MKPtJuFb8NaeSEyV5gD","808s & Heartbreak","C","minor","C minor"
"126",2008,0.667,0.452,7,-10.99,1,0.0341,0.0969,0.579,0.111,0.0734,95.982,262933,FALSE,"Welcome To Heartbreak","https://open.spotify.com/track/3F18I7LhWKxlf1PytSoTBH","808s & Heartbreak","G","major","G major"
"127",2008,0.789,0.65,10,-6.16,0,0.121,0.0401,0,0.249,0.617,87.983,211000,FALSE,"Heartless","https://open.spotify.com/track/4EWCNWgDS8707fNSZ1oaA5","808s & Heartbreak","A#","minor","A# minor"
"128",2008,0.579,0.545,8,-8.354,1,0.0418,0.218,0.0913,0.0642,0.483,73.034,238333,FALSE,"Amazing","https://open.spotify.com/track/0m3Ze0cy8qBHSsV2exAfCw","808s & Heartbreak","G#","major","G# major"
"129",2008,0.756,0.529,1,-7.659,0,0.0329,0.0539,0.392,0.112,0.123,119.573,270306,FALSE,"Love Lockdown","https://open.spotify.com/track/1kxeWHF9PrCVZHvVskv8lg","808s & Heartbreak","C#","minor","C# minor"
"130",2008,0.812,0.625,6,-7.392,1,0.117,0.106,8.03e-05,0.0765,0.545,115.017,277906,FALSE,"Paranoid","https://open.spotify.com/track/0w2piYWj1F2bzUftzGJgK9","808s & Heartbreak","F#","major","F# major"
"131",2008,0.7,0.435,8,-8.039,1,0.104,0.141,0.00468,0.339,0.376,133.762,274360,FALSE,"RoboCop","https://open.spotify.com/track/02LAK7qT1wya0klSeNO96f","808s & Heartbreak","G#","major","G# major"
"132",2008,0.641,0.488,1,-9.604,1,0.0349,0.0321,0.0293,0.233,0.441,125.497,189906,FALSE,"Street Lights","https://open.spotify.com/track/6j8gTlbhj9KJSeypNcNAS9","808s & Heartbreak","C#","major","C# major"
"133",2008,0.753,0.454,9,-11.955,1,0.047,0.0267,0.283,0.116,0.173,106.177,238773,FALSE,"Bad News","https://open.spotify.com/track/1nNPoG2hygEvrFGlHdhvJ9","808s & Heartbreak","A","major","A major"
"134",2008,0.668,0.441,7,-7.949,0,0.0338,0.0735,0,0.103,0.158,124.598,258120,FALSE,"See You In My Nightmares","https://open.spotify.com/track/5zuoz1NBnpoHK6g5sbEH8F","808s & Heartbreak","G","minor","G minor"
"135",2008,0.54,0.507,0,-10.315,1,0.0601,0.174,7.39e-06,0.255,0.473,133.953,164333,FALSE,"Coldest Winter","https://open.spotify.com/track/2RRFTLIglxHgAYQzsSLI4Y","808s & Heartbreak","C","major","C major"
"136",2008,0.289,0.283,10,-13.21,0,0.0483,0.949,0,0.948,0.31,81.733,361600,FALSE,"Pinocchio Story","https://open.spotify.com/track/6giHsGo1eSYZSXKdNwTC62","808s & Heartbreak","A#","minor","A# minor"
"137",2007,0.48,0.631,7,-5.488,1,0.116,0.0791,0.000105,0.149,0.515,84.164,195093,TRUE,"Good Morning","https://open.spotify.com/track/6MXXY2eiWkpDCezVCc0cMH","Graduation","G","major","G major"
"138",2007,0.693,0.504,6,-8.306,1,0.238,0.00299,0,0.695,0.723,102.139,167600,TRUE,"Champion","https://open.spotify.com/track/4UQMOPSUVJVicIQzjAcRRZ","Graduation","F#","major","F# major"
"139",2007,0.617,0.717,10,-7.858,0,0.153,0.00564,0,0.408,0.49,103.992,311866,TRUE,"Stronger","https://open.spotify.com/track/0j2T0R9dR9qdJYsB7ciXhf","Graduation","A#","minor","A# minor"
"140",2007,0.542,0.466,0,-8.665,1,0.0831,0.141,0.000445,0.125,0.124,191.385,243440,TRUE,"I Wonder","https://open.spotify.com/track/7rbECVPkY5UODxoOUVKZnA","Graduation","C","major","C major"
"141",2007,0.439,0.808,1,-6.881,1,0.346,0.00305,0,0.439,0.487,82.962,207000,TRUE,"Good Life","https://open.spotify.com/track/4ZPdLEztrlZqbJkgHNw54L","Graduation","C#","major","C# major"
"142",2007,0.596,0.62,5,-6.133,0,0.039,0.0122,0,0.82,0.102,80.029,271600,TRUE,"Can't Tell Me Nothing","https://open.spotify.com/track/0mEdbdeRFQwBhN4xfyIeUM","Graduation","F","minor","F minor"
"143",2007,0.48,0.624,1,-6.131,1,0.382,0.0451,0,0.337,0.704,165.057,204306,TRUE,"Barry Bonds","https://open.spotify.com/track/7387VaiHpOsSIZ5nmjseya","Graduation","C#","major","C# major"
"144",2007,0.661,0.442,10,-7.297,0,0.0285,0.0697,1.15e-05,0.136,0.299,82.758,313226,TRUE,"Drunk and Hot Girls","https://open.spotify.com/track/7DRuzSlhjKadgdsQRYZ0tr","Graduation","A#","minor","A# minor"
"145",2007,0.639,0.628,6,-7.578,0,0.0399,0.0381,0,0.386,0.43,90.482,237506,TRUE,"Flashing Lights","https://open.spotify.com/track/5TRPicyLGbAF2LGBFbHGvO","Graduation","F#","minor","F# minor"
"146",2007,0.631,0.623,8,-6.969,1,0.265,0.463,1.7e-06,0.151,0.765,80.23,227893,TRUE,"Everything I Am","https://open.spotify.com/track/0NrtwAmRAdLxua31SzHvXr","Graduation","G#","major","G# major"
"147",2007,0.423,0.643,6,-7.261,1,0.287,0.0455,0,0.172,0.708,84.336,212706,TRUE,"The Glory","https://open.spotify.com/track/0lWjRSzq5chA9fps3pM8Zr","Graduation","F#","major","F# major"
"148",2007,0.667,0.747,1,-7.059,1,0.189,0.337,0,0.115,0.918,86.917,203493,TRUE,"Homecoming","https://open.spotify.com/track/4iz9lGMjU1lXS51oPmUmTe","Graduation","C#","major","C# major"
"149",2007,0.498,0.742,11,-6.248,0,0.259,0.214,0,0.0642,0.302,78.428,287560,TRUE,"Big Brother","https://open.spotify.com/track/2L47m9erkB5KBZcaqWtYen","Graduation","B","minor","B minor"
"150",2007,0.696,0.526,11,-10.504,0,0.171,0.177,0,0.192,0.703,88.931,185973,TRUE,"Good Night","https://open.spotify.com/track/3bhyo2ED5Yd4RLydQBDtD6","Graduation","B","minor","B minor"
"151",2007,0.48,0.631,7,-5.488,1,0.116,0.0791,0.000105,0.149,0.515,84.164,195093,TRUE,"Good Morning","https://open.spotify.com/track/5CaXxLM568tBh1PwhXdciZ","Graduation","G","major","G major"
"152",2007,0.693,0.504,6,-8.306,1,0.238,0.00299,0,0.695,0.723,102.139,167600,TRUE,"Champion","https://open.spotify.com/track/2aHlRZIGUFThu3eQePm6yI","Graduation","F#","major","F# major"
"153",2007,0.617,0.717,10,-7.858,0,0.153,0.00564,0,0.408,0.49,103.992,311866,TRUE,"Stronger","https://open.spotify.com/track/4fzsfWzRhPawzqhX8Qt9F3","Graduation","A#","minor","A# minor"
"154",2007,0.542,0.466,0,-8.665,1,0.0831,0.141,0.000445,0.125,0.124,191.385,243440,TRUE,"I Wonder","https://open.spotify.com/track/4jQqM4NI79HEcWHUJb8Hvf","Graduation","C","major","C major"
"155",2007,0.439,0.808,1,-6.881,1,0.346,0.00305,0,0.439,0.487,82.962,207000,TRUE,"Good Life","https://open.spotify.com/track/14blxrgE0VWAgv5aF2wWmx","Graduation","C#","major","C# major"
"156",2007,0.596,0.62,5,-6.133,0,0.039,0.0122,0,0.82,0.102,80.029,271600,TRUE,"Can't Tell Me Nothing","https://open.spotify.com/track/2MIBAmYwiuGoKUlpq9B9sZ","Graduation","F","minor","F minor"
"157",2007,0.48,0.624,1,-6.131,1,0.382,0.0451,0,0.337,0.704,165.057,204306,TRUE,"Barry Bonds","https://open.spotify.com/track/2ipNhjgsoM930FqDFl0ShM","Graduation","C#","major","C# major"
"158",2007,0.661,0.442,10,-7.297,0,0.0285,0.0697,1.15e-05,0.136,0.299,82.758,313226,TRUE,"Drunk and Hot Girls","https://open.spotify.com/track/4Sw4lblE6aXpoOJma6Mlx5","Graduation","A#","minor","A# minor"
"159",2007,0.639,0.628,6,-7.578,0,0.0399,0.0381,0,0.386,0.43,90.482,237506,TRUE,"Flashing Lights","https://open.spotify.com/track/31I3Rt1bPa2LrE74DdNizO","Graduation","F#","minor","F# minor"
"160",2007,0.631,0.623,8,-6.969,1,0.265,0.463,1.7e-06,0.151,0.765,80.23,227893,TRUE,"Everything I Am","https://open.spotify.com/track/2T8bL4YC49Ska1yl74qcS0","Graduation","G#","major","G# major"
"161",2007,0.423,0.643,6,-7.261,1,0.287,0.0455,0,0.172,0.708,84.336,212706,TRUE,"The Glory","https://open.spotify.com/track/795LIYKphBOsvyMh5hZaPk","Graduation","F#","major","F# major"
"162",2007,0.667,0.747,1,-7.059,1,0.189,0.337,0,0.115,0.918,86.917,203493,TRUE,"Homecoming","https://open.spotify.com/track/2ovQ5MCx91XVjgVWEPfvks","Graduation","C#","major","C# major"
"163",2007,0.498,0.742,11,-6.248,0,0.259,0.214,0,0.0641,0.302,78.428,287573,TRUE,"Big Brother","https://open.spotify.com/track/1x6jHJGczTBitBy06hIWgx","Graduation","B","minor","B minor"
"164",2007,0.589,0.627,9,-5.371,0,0.13,0.0749,0.000196,0.14,0.522,169.845,195093,FALSE,"Good Morning","https://open.spotify.com/track/4tXvvVwlY4agHoPjzX2XIv","Graduation","A","minor","A minor"
"165",2007,0.688,0.503,6,-8.386,1,0.226,0.00346,0,0.694,0.747,102.157,167533,FALSE,"Champion","https://open.spotify.com/track/452W07flKPiqHnDP3cHrLw","Graduation","F#","major","F# major"
"166",2007,0.617,0.708,1,-7.873,1,0.15,0.00651,0,0.404,0.462,103.96,312026,FALSE,"Stronger","https://open.spotify.com/track/4QcBuV31ukMvsvviytKjWx","Graduation","C#","major","C# major"
"167",2007,0.542,0.46,0,-8.562,1,0.0854,0.125,0.000259,0.219,0.144,191.389,243466,FALSE,"I Wonder","https://open.spotify.com/track/0SQaCMmco9vJ7ShJA7yZOw","Graduation","C","major","C major"
"168",2007,0.399,0.745,1,-7.903,1,0.362,0.00274,0,0.514,0.449,170.614,206840,FALSE,"Good Life","https://open.spotify.com/track/2l7njxIZf3LEN9k061vcYa","Graduation","C#","major","C# major"
"169",2007,0.592,0.616,5,-6.139,0,0.0534,0.0128,0,0.689,0.0892,80.041,271760,FALSE,"Can't Tell Me Nothing","https://open.spotify.com/track/7LJQOdmw1Z1j3c4vSnIztp","Graduation","F","minor","F minor"
"170",2007,0.477,0.619,1,-6.035,1,0.36,0.0545,0,0.264,0.766,166.712,204333,FALSE,"Barry Bonds","https://open.spotify.com/track/0DvPgywuquKjGr9oyHGAx7","Graduation","C#","major","C# major"
"171",2007,0.666,0.438,10,-7.284,0,0.0285,0.0896,9.56e-06,0.124,0.29,82.782,313266,FALSE,"Drunk and Hot Girls","https://open.spotify.com/track/6eYBwITlqPLBLNVrTMAmXY","Graduation","A#","minor","A# minor"
"172",2007,0.643,0.623,6,-7.605,0,0.0391,0.0316,0,0.405,0.436,90.486,237440,FALSE,"Flashing Lights","https://open.spotify.com/track/2QK4nswjBvmwBXTOLFodDA","Graduation","F#","minor","F# minor"
"173",2007,0.632,0.63,8,-6.986,1,0.256,0.433,1.13e-05,0.169,0.706,80.471,227400,FALSE,"Everything I Am","https://open.spotify.com/track/60wtmXbcX9SBhdOe0koasN","Graduation","G#","major","G# major"
"174",2007,0.471,0.632,6,-7.669,1,0.28,0.0412,0,0.182,0.708,88.376,212666,FALSE,"The Glory","https://open.spotify.com/track/37zkAU6x59lIEtFBJrDT86","Graduation","F#","major","F# major"
"175",2007,0.678,0.747,1,-7.07,1,0.188,0.353,0,0.113,0.923,86.996,204026,FALSE,"Homecoming","https://open.spotify.com/track/5wtQLRo9oz9ifiUuc7HWIo","Graduation","C#","major","C# major"
"176",2007,0.466,0.723,11,-6.761,0,0.25,0.171,0,0.0758,0.314,70.906,288506,FALSE,"Big Brother","https://open.spotify.com/track/19tMonGRwUd9juza9uyJh2","Graduation","B","minor","B minor"
"177",2007,0.48,0.631,7,-5.488,1,0.116,0.0791,0.000105,0.149,0.515,84.164,195093,TRUE,"Good Morning","https://open.spotify.com/track/7rBsYaybbcRhCDOZWU48e3","Graduation (Alternative Business Partners)","G","major","G major"
"178",2007,0.693,0.504,6,-8.306,1,0.238,0.00299,0,0.695,0.723,102.139,167600,TRUE,"Champion","https://open.spotify.com/track/0ErMK31Mr9j6tPA1F58rT9","Graduation (Alternative Business Partners)","F#","major","F# major"
"179",2007,0.617,0.717,10,-7.858,0,0.153,0.00564,0,0.408,0.49,103.992,311866,TRUE,"Stronger","https://open.spotify.com/track/08IrLUx06jBA1Hv8kuAIw2","Graduation (Alternative Business Partners)","A#","minor","A# minor"
"180",2007,0.542,0.466,0,-8.665,1,0.0831,0.141,0.000445,0.125,0.124,191.385,243440,TRUE,"I Wonder","https://open.spotify.com/track/3ZDWOVWbiFBXR175n2x7xU","Graduation (Alternative Business Partners)","C","major","C major"
"181",2007,0.439,0.808,1,-6.881,1,0.346,0.00305,0,0.439,0.487,82.962,207000,TRUE,"Good Life","https://open.spotify.com/track/5ms35iZF8uOH31RHwuiY7H","Graduation (Alternative Business Partners)","C#","major","C# major"
"182",2007,0.596,0.62,5,-6.133,0,0.039,0.0122,0,0.82,0.102,80.029,271600,TRUE,"Can't Tell Me Nothing","https://open.spotify.com/track/7ptxlO1s34uXTPnm2S0Tno","Graduation (Alternative Business Partners)","F","minor","F minor"
"183",2007,0.48,0.624,1,-6.131,1,0.382,0.0451,0,0.337,0.704,165.057,204306,TRUE,"Barry Bonds","https://open.spotify.com/track/5QCQOnS6l1erpsR6lLDIy8","Graduation (Alternative Business Partners)","C#","major","C# major"
"184",2007,0.661,0.442,10,-7.297,0,0.0285,0.0697,1.15e-05,0.136,0.299,82.758,313226,TRUE,"Drunk and Hot Girls","https://open.spotify.com/track/4eOg3M43mNy92pQ2cSnk0I","Graduation (Alternative Business Partners)","A#","minor","A# minor"
"185",2007,0.639,0.628,6,-7.578,0,0.0399,0.0381,0,0.386,0.43,90.482,237506,TRUE,"Flashing Lights","https://open.spotify.com/track/1waKLXaVjzVBfxqJOTOOrL","Graduation (Alternative Business Partners)","F#","minor","F# minor"
"186",2007,0.631,0.623,8,-6.969,1,0.265,0.463,1.7e-06,0.151,0.765,80.23,227893,TRUE,"Everything I Am","https://open.spotify.com/track/1Z6lmFBmbqEC42hvVQu44v","Graduation (Alternative Business Partners)","G#","major","G# major"
"187",2007,0.423,0.643,6,-7.261,1,0.287,0.0455,0,0.172,0.708,84.336,212706,TRUE,"The Glory","https://open.spotify.com/track/6GER4PG6kKfOZz2Kuj7l9j","Graduation (Alternative Business Partners)","F#","major","F# major"
"188",2007,0.667,0.747,1,-7.059,1,0.189,0.337,0,0.115,0.918,86.917,203493,TRUE,"Homecoming","https://open.spotify.com/track/1inwRCAEYHy6e7J0y1nnHx","Graduation (Alternative Business Partners)","C#","major","C# major"
"189",2007,0.498,0.742,11,-6.248,0,0.259,0.214,0,0.0641,0.302,78.428,287573,TRUE,"Big Brother","https://open.spotify.com/track/0yvUCJ3YwG31meB8g8Extx","Graduation (Alternative Business Partners)","B","minor","B minor"
"190",2007,0.526,0.611,5,-6.701,0,0.0379,0.0105,0,0.613,0.0971,79.901,247573,TRUE,"Can't Tell Me Nothing - Remix feat. Young Jeezy","https://open.spotify.com/track/4tP6oSkZdhs83UB9LftHFY","Graduation (Alternative Business Partners)","F","minor","F minor"
"191",2006,0.353,0.884,7,-4.676,1,0.388,0.32,0,0.706,0.322,84.032,247600,TRUE,"Diamonds From Sierra Leone - Live At Abbey Road Studios","https://open.spotify.com/track/0gBPIT136F1kfN5F40d2h2","Late Orchestration","G","major","G major"
"192",2006,0.697,0.768,11,-6.658,0,0.283,0.256,0,0.921,0.391,106.67,246453,TRUE,"Touch The Sky - Live At Abbey Road Studios","https://open.spotify.com/track/0Xvbqfjc2sivTVj9SHIOIR","Late Orchestration","B","minor","B minor"
"193",2006,0.536,0.721,2,-6.951,1,0.369,0.0255,0,0.548,0.173,82.53,167853,TRUE,"Crack Music - Live At Abbey Road Studios","https://open.spotify.com/track/1Afi8OBrtXj9iNWK0UiQqt","Late Orchestration","D","major","D major"
"194",2006,0.538,0.786,3,-6.528,0,0.333,0.177,0,0.116,0.541,87.707,273760,TRUE,"Drive Slow - Live At Abbey Road Studios","https://open.spotify.com/track/0hk24xUpnTjJdXUQQEPQLe","Late Orchestration","D#","minor","D# minor"
"195",2006,0.432,0.804,7,-6.667,1,0.332,0.00435,0,0.28,0.646,80.303,212773,TRUE,"Through The Wire - Live At Abbey Road Studios","https://open.spotify.com/track/5FRNP7NPI6DWvAkSJeH2eY","Late Orchestration","G","major","G major"
"196",2006,0.634,0.74,2,-6.606,1,0.181,0.0102,0,0.655,0.335,117.872,171666,TRUE,"Workout Plan - Live At Abbey Road Studios","https://open.spotify.com/track/6BMWL1t7ED3UwULK9CiO7g","Late Orchestration","D","major","D major"
"197",2006,0.496,0.769,10,-8.449,1,0.234,0.646,4.36e-06,0.972,0.196,94.344,249533,TRUE,"Heard 'Em Say - Live At Abbey Road Studios","https://open.spotify.com/track/3CVu4NHRrnMzTP6ybDbyrk","Late Orchestration","A#","major","A# major"
"198",2006,0.565,0.86,10,-7.069,0,0.462,0.198,0,0.499,0.529,90.439,193040,TRUE,"All Falls Down - Live At Abbey Road Studios","https://open.spotify.com/track/1Mj2wJxQaMq00HfYAkLCz6","Late Orchestration","A#","minor","A# minor"
"199",2006,0.432,0.718,9,-7.17,1,0.139,0.0778,0,0.346,0.463,79.741,200466,TRUE,"Bring Me Down - Live At Abbey Road Studios","https://open.spotify.com/track/2QUSPP2mVuUt08tW0lUry6","Late Orchestration","A","major","A major"
"200",2006,0.663,0.776,2,-6.339,1,0.344,0.178,0,0.372,0.233,92.801,254373,TRUE,"Gone - Live At Abbey Road Studios","https://open.spotify.com/track/5YPQPhF6Y0ZuNCxX6fFxiL","Late Orchestration","D","major","D major"
"201",2006,0.418,0.811,10,-5.819,0,0.304,0.0595,2.03e-05,0.666,0.439,79.451,234186,TRUE,"Late - Live At Abbey Road Studios","https://open.spotify.com/track/0LGYz76x0fE2JeUcKDpcvc","Late Orchestration","A#","minor","A# minor"
"202",2006,0.433,0.873,3,-6.038,0,0.457,0.338,0,0.444,0.533,77.084,193626,TRUE,"Jesus Walks - Live At Abbey Road Studios","https://open.spotify.com/track/1vJvwNUE99zqvu62iKCzJd","Late Orchestration","D#","minor","D# minor"
"203",2006,0.684,0.681,1,-9.681,0,0.389,0.0404,0,0.136,0.732,92.253,197960,FALSE,"Gold Digger - AOL Sessions","https://open.spotify.com/track/6sppiVa0w9Lfi7m8NVwTsf","Late Orchestration","C#","minor","C# minor"
"204",2005,0.685,0.29,10,-9.689,1,0.948,0.811,0,0.0639,0.634,82.598,41066,TRUE,"Wake Up Mr. West","https://open.spotify.com/track/62KeM7jbmYvzT5FycdiQeS","Late Registration","A#","major","A# major"
"205",2005,0.736,0.702,7,-8.437,0,0.181,0.055,0.0394,0.124,0.569,94.857,203733,TRUE,"Heard 'Em Say","https://open.spotify.com/track/6yIjtVtnOBeC8SwdVHzAuF","Late Registration","G","minor","G minor"
"206",2005,0.597,0.848,9,-4.835,1,0.355,0.0158,0,0.374,0.545,106.302,236600,TRUE,"Touch The Sky","https://open.spotify.com/track/2dxjKgT0li4qBI3QwuN9Ih","Late Registration","A","major","A major"
"207",2005,0.638,0.699,1,-5.54,0,0.384,0.0223,0,0.0917,0.66,92.939,207626,TRUE,"Gold Digger","https://open.spotify.com/track/1PS1QMdUqOal0ai3Gt7sDQ","Late Registration","C#","minor","C# minor"
"208",2005,0.657,0.316,11,-12.572,0,0.936,0.528,0,0.154,0.84,89.663,33573,TRUE,"Skit #1","https://open.spotify.com/track/164al00XRSLWG6h4hc12bD","Late Registration","B","minor","B minor"
"209",2005,0.76,0.595,6,-8.198,1,0.212,0.032,1.3e-05,0.315,0.476,87.992,272226,TRUE,"Drive Slow","https://open.spotify.com/track/6vB49BJ70zBpDrrAPwdaB8","Late Registration","F#","major","F# major"
"210",2005,0.592,0.588,8,-10.474,1,0.0388,0.342,1.29e-06,0.0958,0.758,86.813,103373,TRUE,"My Way Home","https://open.spotify.com/track/0TzIHqhAbvYR6qJKrMMFlk","Late Registration","G#","major","G# major"
"211",2005,0.738,0.714,11,-6.265,0,0.238,0.0117,0.000278,0.422,0.58,168.105,270866,TRUE,"Crack Music","https://open.spotify.com/track/4fRTe59xEeNHT4uyAGsV27","Late Registration","B","minor","B minor"
"212",2005,0.569,0.484,3,-6.95,0,0.128,0.286,5.39e-05,0.109,0.45,96.94,245866,TRUE,"Roses","https://open.spotify.com/track/2DHNCWZYmVr1Lv08q5b0kB","Late Registration","D#","minor","D# minor"
"213",2005,0.336,0.683,6,-6.82,0,0.151,0.00735,0,0.61,0.392,94.617,198973,TRUE,"Bring Me Down","https://open.spotify.com/track/25K9cWrxNv991UYiOzBJqR","Late Registration","F#","minor","F# minor"
"214",2005,0.55,0.761,1,-8.224,0,0.187,0.178,0,0.227,0.536,115.085,267066,TRUE,"Addiction","https://open.spotify.com/track/5VzeI5JM2y9t21JwrWAnkH","Late Registration","C#","minor","C# minor"
"215",2005,0.641,0.396,1,-11.897,1,0.942,0.346,0,0.187,0.94,79.132,31360,TRUE,"Skit #2","https://open.spotify.com/track/466XcSgGAiQxcDrcV0yoMP","Late Registration","C#","major","C# major"
"216",2005,0.658,0.803,7,-3.742,1,0.258,0.244,0,0.201,0.471,96.808,233400,TRUE,"Diamonds From Sierra Leone - Remix","https://open.spotify.com/track/34KUIBsIUiPV7oCIzSdDAU","Late Registration","G","major","G major"
"217",2005,0.228,0.861,11,-3.599,0,0.125,0.0113,0,0.134,0.224,84.598,448000,TRUE,"We Major","https://open.spotify.com/track/46fk9wjYcPm0sgym2b7EEE","Late Registration","B","minor","B minor"
"218",2005,0.625,0.418,10,-12.254,1,0.956,0.554,0,0.53,0.533,66.634,24133,TRUE,"Skit #3","https://open.spotify.com/track/2Xn5DIyAba7Fgyky3gU3rA","Late Registration","A#","major","A# major"
"219",2005,0.628,0.767,7,-6.884,1,0.217,0.0572,0,0.105,0.375,95.936,305066,TRUE,"Hey Mama","https://open.spotify.com/track/46OFHBw45fNi7QNjSetITR","Late Registration","G","major","G major"
"220",2005,0.367,0.791,5,-4.203,1,0.139,0.02,6.1e-06,0.124,0.374,79.638,198440,TRUE,"Celebration","https://open.spotify.com/track/7jAxGkXU58FwNMjqoMahn7","Late Registration","F","major","F major"
"221",2005,0.748,0.248,1,-19.502,1,0.95,0.0394,0,0.125,0.138,80.308,78666,TRUE,"Skit #4","https://open.spotify.com/track/3zXhvJaLpxefYIxBE0cnB0","Late Registration","C#","major","C# major"
"222",2005,0.851,0.682,10,-6.114,0,0.25,0.0178,0,0.0741,0.332,92.732,333293,TRUE,"Gone","https://open.spotify.com/track/5RjbFGeWVsCpw8EcE8OrvZ","Late Registration","A#","minor","A# minor"
"223",2005,0.419,0.864,7,-3.372,1,0.291,0.154,0,0.269,0.512,96.483,238400,TRUE,"Diamonds From Sierra Leone - Bonus Track","https://open.spotify.com/track/4R5bSS8yoCl2czeWLr61aO","Late Registration","G","major","G major"
"224",2005,0.3,0.833,10,-5.902,0,0.18,0.216,3.39e-06,0.295,0.605,159.468,230493,TRUE,"Late","https://open.spotify.com/track/1mFHMzbaECWFaPfoePoEYl","Late Registration","A#","minor","A# minor"
"225",2005,0.712,0.307,5,-9.952,1,0.953,0.749,0,0.0422,0.673,84.931,41066,FALSE,"Wake Up Mr. West","https://open.spotify.com/track/7mms21mQ0ZKoBgUzhGxTdh","Late Registration","F","major","F major"
"226",2005,0.739,0.699,7,-8.453,1,0.212,0.0671,0.0342,0.126,0.56,94.827,203733,FALSE,"Heard 'Em Say","https://open.spotify.com/track/2cDpmdTWch4yBrTyl5Qmca","Late Registration","G","major","G major"
"227",2005,0.645,0.862,9,-4.87,1,0.319,0.0123,0,0.206,0.545,106.565,236600,FALSE,"Touch The Sky","https://open.spotify.com/track/6ZbqIybNIVv2KBZkbYbIRA","Late Registration","A","major","A major"
"228",2005,0.673,0.666,1,-6.063,0,0.355,0.0174,0,0.0724,0.618,92.505,207626,FALSE,"Gold Digger","https://open.spotify.com/track/43PBE5b3RJgwfi1i9xKtEs","Late Registration","C#","minor","C# minor"
"229",2005,0.845,0.329,1,-12.407,1,0.945,0.509,0,0.159,0.794,93.921,33546,FALSE,"Skit #1","https://open.spotify.com/track/4rwZtgkbnC4WHudYhqUQwm","Late Registration","C#","major","C# major"
"230",2005,0.764,0.576,11,-8.678,1,0.202,0.0539,3.94e-06,0.241,0.469,88.065,272253,FALSE,"Drive Slow","https://open.spotify.com/track/72a1UDAkWNKbqLhH2XBLP0","Late Registration","B","major","B major"
"231",2005,0.567,0.58,8,-10.491,1,0.0383,0.318,0,0.0967,0.765,86.28,103373,FALSE,"My Way Home","https://open.spotify.com/track/5fgGcmaEaidjPY2bRk9FE2","Late Registration","G#","major","G# major"
"232",2005,0.727,0.712,11,-6.294,0,0.23,0.0103,0.000305,0.332,0.533,168.136,270893,FALSE,"Crack Music","https://open.spotify.com/track/1CcX6PKEDy8mU9PqXqEOHH","Late Registration","B","minor","B minor"
"233",2005,0.714,0.484,3,-6.951,0,0.11,0.278,5.39e-05,0.0993,0.462,97.607,245866,FALSE,"Roses","https://open.spotify.com/track/37VEaFy0C5eOPdTIjiRwwh","Late Registration","D#","minor","D# minor"
"234",2005,0.393,0.661,6,-6.828,0,0.0902,0.00651,0,0.617,0.41,81.76,198960,FALSE,"Bring Me Down","https://open.spotify.com/track/3ZPEQbLCrOWIBg2JPNs3mZ","Late Registration","F#","minor","F# minor"
"235",2005,0.593,0.758,1,-8.27,0,0.168,0.168,0,0.21,0.501,115.257,267066,FALSE,"Addiction","https://open.spotify.com/track/7rinBrI5ekbbOiLosWp65M","Late Registration","C#","minor","C# minor"
"236",2005,0.797,0.394,1,-11.66,0,0.922,0.204,0,0.166,0.925,150.118,31373,FALSE,"Skit #2","https://open.spotify.com/track/15eOsNubCySShU8pSqFDLt","Late Registration","C#","minor","C# minor"
"237",2005,0.617,0.814,7,-3.74,1,0.326,0.238,0,0.181,0.411,96.775,233400,FALSE,"Diamonds From Sierra Leone - Remix","https://open.spotify.com/track/66VueiRZubO0SwPAFtPZpu","Late Registration","G","major","G major"
"238",2005,0.291,0.874,11,-3.267,0,0.0909,0.0125,0,0.11,0.273,84.085,447960,FALSE,"We Major","https://open.spotify.com/track/3HyodZQJwqWvzPlog5qRjU","Late Registration","B","minor","B minor"
"239",2005,0.704,0.417,4,-12.655,0,0.945,0.474,0,0.541,0.639,136.706,24160,FALSE,"Skit #3","https://open.spotify.com/track/3m6JsfHBLuwFX1jP3rR73s","Late Registration","E","minor","E minor"
"240",2005,0.627,0.787,7,-6.914,1,0.191,0.0498,0,0.123,0.342,96.063,305040,FALSE,"Hey Mama","https://open.spotify.com/track/6owEptWLQwoDE3CABMYKVh","Late Registration","G","major","G major"
"241",2005,0.381,0.748,5,-4.698,1,0.0845,0.0085,3.03e-05,0.103,0.357,79.037,198400,FALSE,"Celebration","https://open.spotify.com/track/7MBOZwgKIfBGtflehKfvkb","Late Registration","F","major","F major"
"242",2005,0.641,0.223,1,-19.857,1,0.949,0.0521,0,0.129,0.157,86.916,78666,FALSE,"Skit #4","https://open.spotify.com/track/5k45eQ20FvSK4tklJLejDq","Late Registration","C#","major","C# major"
"243",2005,0.818,0.67,10,-6.177,0,0.275,0.0203,0,0.0709,0.31,92.611,333293,FALSE,"Gone","https://open.spotify.com/track/6eEWHuwCdb6Fa8Nd5M2qiS","Late Registration","A#","minor","A# minor"
"244",2005,0.417,0.864,7,-3.207,1,0.284,0.158,0,0.334,0.546,96.486,238400,FALSE,"Diamonds From Sierra Leone - Bonus Track","https://open.spotify.com/track/0uGDH1WaBzmznj0ilMu4VI","Late Registration","G","major","G major"
"245",2005,0.3,0.865,10,-4.948,0,0.274,0.283,0,0.295,0.591,159.641,230506,FALSE,"Late","https://open.spotify.com/track/2KgNEIrXBkSsJRcXP3FVNC","Late Registration","A#","minor","A# minor"
"246",2005,0.728,0.303,10,-9.765,1,0.937,0.815,0,0.0657,0.681,73.121,41066,TRUE,"Wake Up Mr. West","https://open.spotify.com/track/5z7jLkkBza2b9CHL0P6QVk","Late Registration","A#","major","A# major"
"247",2005,0.727,0.696,7,-8.313,0,0.165,0.0535,0.0454,0.128,0.559,95.067,203733,TRUE,"Heard 'Em Say","https://open.spotify.com/track/2PFNTHR4sA8m9rPPtYXhl7","Late Registration","G","minor","G minor"
"248",2005,0.524,0.846,9,-4.912,1,0.347,0.0114,0,0.309,0.551,98.385,236600,TRUE,"Touch The Sky","https://open.spotify.com/track/2pRyjmTGkz5i8xemOtJ7pG","Late Registration","A","major","A major"
"249",2005,0.631,0.696,1,-5.572,0,0.348,0.0192,0,0.0554,0.621,92.941,207626,TRUE,"Gold Digger","https://open.spotify.com/track/3QHPHLAkYV5cQBUYs6rowx","Late Registration","C#","minor","C# minor"
"250",2005,0.799,0.307,1,-12.543,1,0.917,0.467,0,0.146,0.753,52.165,33573,TRUE,"Skit #1 (Kanye West/Late Registration)","https://open.spotify.com/track/6fT7bHVzfU9u7UByS3sLbU","Late Registration","C#","major","C# major"
"251",2005,0.593,0.592,11,-8.217,1,0.29,0.031,1.12e-05,0.229,0.488,81.33,272226,TRUE,"Drive Slow","https://open.spotify.com/track/5AMekX6PigBBeBRHvB4MfZ","Late Registration","B","major","B major"
"252",2005,0.595,0.596,8,-10.488,1,0.0408,0.331,0,0.0976,0.775,86.969,103373,TRUE,"My Way Home","https://open.spotify.com/track/4e6WcZIII1aNRiCAGLxZUH","Late Registration","G#","major","G# major"
"253",2005,0.725,0.712,11,-6.288,0,0.211,0.00965,0.000479,0.345,0.557,168.121,270866,TRUE,"Crack Music","https://open.spotify.com/track/2m1c56EF3xB78la1Xh9Yqb","Late Registration","B","minor","B minor"
"254",2005,0.715,0.465,3,-6.455,0,0.0943,0.258,2.7e-05,0.107,0.507,97.71,245840,TRUE,"Roses","https://open.spotify.com/track/51w2uhHVvzmqCd3leyDIY2","Late Registration","D#","minor","D# minor"
"255",2005,0.385,0.694,6,-6.918,0,0.0777,0.0049,0,0.612,0.385,111.252,199000,TRUE,"Bring Me Down","https://open.spotify.com/track/1JwSazdPkEpDZug2adVBU8","Late Registration","F#","minor","F# minor"
"256",2005,0.659,0.756,1,-8.318,0,0.165,0.185,0,0.252,0.551,115.383,267093,TRUE,"Addiction","https://open.spotify.com/track/6B6bbawvTbCFyzFIxuMJQI","Late Registration","C#","minor","C# minor"
"257",2005,0.796,0.412,1,-11.584,0,0.921,0.307,0,0.13,0.934,150.365,31333,TRUE,"Skit #2 (Kanye West/Late Registration)","https://open.spotify.com/track/2QE7F4OzNUHsFaNhzzR9qZ","Late Registration","C#","minor","C# minor"
"258",2005,0.671,0.814,7,-3.768,1,0.27,0.258,0,0.164,0.38,96.985,233400,TRUE,"Diamonds From Sierra Leone - Remix","https://open.spotify.com/track/4ZLNj4Zlp6XZ3WAVpPQEnq","Late Registration","G","major","G major"
"259",2005,0.232,0.883,11,-3.659,0,0.125,0.0107,0,0.045,0.217,84.59,448000,TRUE,"We Major","https://open.spotify.com/track/16psbAyzJJ0YZyaJiOohtX","Late Registration","B","minor","B minor"
"260",2005,0.64,0.451,7,-11.983,1,0.956,0.599,0,0.465,0.6,166.546,24133,TRUE,"Skit #3 (Kanye West/Late Registration)","https://open.spotify.com/track/56v9rDimPLva4qlWfsr3S8","Late Registration","G","major","G major"
"261",2005,0.625,0.754,7,-6.993,1,0.189,0.0596,0,0.113,0.357,96.186,305066,TRUE,"Hey Mama","https://open.spotify.com/track/1gFovJQ7w2We3AoU3ybhzU","Late Registration","G","major","G major"
"262",2005,0.295,0.777,5,-4.199,1,0.212,0.0164,1.32e-06,0.118,0.354,80.039,198440,TRUE,"Celebration","https://open.spotify.com/track/29DTGRE8gUAPYZmThH5wXh","Late Registration","F","major","F major"
"263",2005,0.722,0.258,10,-19.633,0,0.873,0.0411,0,0.148,0.141,118.732,78666,TRUE,"Skit #4 (Kanye West/Late Registration)","https://open.spotify.com/track/29z9CnCfnBTsXEsglul2jC","Late Registration","A#","minor","A# minor"
"264",2005,0.84,0.668,1,-6.042,1,0.262,0.0148,0,0.0699,0.344,92.805,333293,TRUE,"Gone","https://open.spotify.com/track/6vQTNCP1Ifp8xiyQULwZ69","Late Registration","C#","major","C# major"
"265",2005,0.469,0.847,7,-3.458,1,0.264,0.148,0,0.306,0.574,121.226,238400,TRUE,"Diamonds From Sierra Leone","https://open.spotify.com/track/3V8VqH4EmTU8VFVu00Ir9T","Late Registration","G","major","G major"
"266",2005,0.643,0.691,11,-6.085,1,0.0896,0.154,6.75e-06,0.142,0.426,96.928,232000,TRUE,"We Can Make It Better","https://open.spotify.com/track/3NR4gpFhwBWJgUtkl8woeY","Late Registration","B","major","B major"
"267",2005,0.293,0.829,10,-6.003,0,0.18,0.236,3.5e-06,0.257,0.66,159.707,230493,TRUE,"Late","https://open.spotify.com/track/7r74CyCSe3DuBczLSZCUzR","Late Registration","A#","minor","A# minor"
"268",2004,0.713,0.331,6,-13.909,1,0.877,0.237,0,0.51,0.463,87.491,19133,TRUE,"Intro","https://open.spotify.com/track/7lIr3vVhpDkU5mQEDcnA0S","The College Dropout","F#","major","F# major"
"269",2004,0.595,0.754,11,-5.827,0,0.181,0.0142,0,0.247,0.647,83.155,239880,TRUE,"We Don't Care","https://open.spotify.com/track/0IW0qaeyxL5Et4UG2MrJKB","The College Dropout","B","minor","B minor"
"270",2004,0.418,0.447,0,-9.058,0,0.338,0.684,2.1e-06,0.414,0.869,169.336,81786,TRUE,"Graduation Day","https://open.spotify.com/track/7wL7Lb8Q3aYyq6gmRL0PZq","The College Dropout","C","minor","C minor"
"271",2004,0.657,0.734,8,-4.832,0,0.484,0.149,0,0.139,0.434,91.03,223506,TRUE,"All Falls Down","https://open.spotify.com/track/5SkRLpaGtvYPhw02vZhQQ9","The College Dropout","G#","minor","G# minor"
"272",2004,0.239,0.25,6,-11.414,1,0.0289,0.76,0,0.124,0.564,172.338,69706,TRUE,"I'll Fly Away","https://open.spotify.com/track/6MgGapP3EPFm9kYUvYBTZR","The College Dropout","F#","major","F# major"
"273",2004,0.507,0.753,5,-5.31,0,0.19,0.503,0,0.573,0.657,178.068,324226,TRUE,"Spaceship","https://open.spotify.com/track/1ko2NuvWlQdxtNRc8QQzmT","The College Dropout","F","minor","F minor"
"274",2004,0.637,0.834,3,-4.686,0,0.323,0.614,0,0.317,0.715,87.312,193733,TRUE,"Jesus Walks","https://open.spotify.com/track/5g1vtHqi9uV7xtYeCcFOBx","The College Dropout","D#","minor","D# minor"
"275",2004,0.459,0.816,11,-4.872,0,0.403,0.423,0,0.169,0.643,80.293,324440,TRUE,"Never Let Me Down","https://open.spotify.com/track/34j4OxJxKznBs88cjSL2j9","The College Dropout","B","minor","B minor"
"276",2004,0.614,0.644,11,-5.672,0,0.373,0.184,0,0.489,0.649,84.788,289493,TRUE,"Get Em High","https://open.spotify.com/track/5b2FFKC64kxqcfaFnIZxoM","The College Dropout","B","minor","B minor"
"277",2004,0.715,0.288,1,-13.843,1,0.925,0.785,0,0.688,0.772,115.114,46173,TRUE,"Workout Plan","https://open.spotify.com/track/2a1JSfTePKhysdIif2bzut","The College Dropout","C#","major","C# major"
"278",2004,0.704,0.792,2,-4.831,1,0.198,0.00981,0,0.365,0.646,118.022,322800,TRUE,"The New Workout Plan","https://open.spotify.com/track/1Vp4St7JcXaUoJcIahtf3L","The College Dropout","D","major","D major"
"279",2004,0.559,0.733,2,-5.659,0,0.171,0.314,0,0.284,0.611,145.115,316053,TRUE,"Slow Jamz","https://open.spotify.com/track/3A4cpTBPaIQdtPFb5JxtaX","The College Dropout","D","minor","D minor"
"280",2004,0.636,0.7,1,-3.099,0,0.421,0.341,0,0.161,0.924,88.817,246933,TRUE,"Breathe In Breathe Out","https://open.spotify.com/track/4KFY4EEv9CN6ivrzD6vEvg","The College Dropout","C#","minor","C# minor"
"281",2004,0.648,0.218,8,-15.108,1,0.95,0.326,0,0.352,0.642,164.25,78693,TRUE,"School Spirit Skit 1","https://open.spotify.com/track/25mwJPzWVmS2yronBNQJF1","The College Dropout","G#","major","G# major"
"282",2004,0.483,0.787,5,-5.422,0,0.21,0.339,0,0.236,0.592,84.81,182386,FALSE,"School Spirit","https://open.spotify.com/track/1th3G3okofWlvGWAAR7Y4V","The College Dropout","F","minor","F minor"
"283",2004,0.716,0.308,5,-12.629,1,0.925,0.334,0,0.215,0.83,128.412,43533,TRUE,"School Spirit Skit 2","https://open.spotify.com/track/5MAY7XyW322jMwLDtBQgsZ","The College Dropout","F","major","F major"
"284",2004,0.64,0.279,10,-12.396,1,0.484,0.803,0,0.375,0.741,82.475,53640,TRUE,"Lil Jimmy Skit","https://open.spotify.com/track/4BhwlQ9mTwhFGXpQvP9JTV","The College Dropout","A#","major","A# major"
"285",2004,0.442,0.807,6,-4.753,1,0.265,0.0158,6.43e-06,0.217,0.446,84.649,266213,TRUE,"Two Words","https://open.spotify.com/track/62wtttQzoIA9HnNmGVd9Yq","The College Dropout","F#","major","F# major"
"286",2004,0.571,0.739,7,-6.11,1,0.247,0.00865,5.21e-06,0.158,0.66,83.089,221226,TRUE,"Through The Wire","https://open.spotify.com/track/4mmkhcEm1Ljy1U9nwtsxUo","The College Dropout","G","major","G major"
"287",2004,0.744,0.524,1,-7.452,1,0.21,0.139,0,0.392,0.606,93.691,278893,TRUE,"Family Business","https://open.spotify.com/track/5DBmXF7QO43Cuy9yqva116","The College Dropout","C#","major","C# major"
"288",2004,0.473,0.727,8,-6.843,1,0.356,0.577,0,0.316,0.854,83.212,760973,TRUE,"Last Call","https://open.spotify.com/track/7iOhWWYjhhQiXzF4o4HhXN","The College Dropout","G#","major","G# major"
"289",2004,0.806,0.349,4,-13.888,1,0.904,0.223,0,0.519,0.476,82.386,19133,FALSE,"Intro","https://open.spotify.com/track/3HCh4McsKGmXRF6sA3XRVn","The College Dropout","E","major","E major"
"290",2004,0.557,0.756,2,-5.174,1,0.195,0.0191,0,0.24,0.612,83.1,239880,FALSE,"We Don't Care","https://open.spotify.com/track/5kdZxJ6HxQuinpggh0uf73","The College Dropout","D","major","D major"
"291",2004,0.416,0.415,7,-9.299,0,0.339,0.724,4.62e-06,0.405,0.864,168.775,81706,FALSE,"Graduation Day","https://open.spotify.com/track/3ED9ttzMwojoif1ejeDLYu","The College Dropout","G","minor","G minor"
"292",2004,0.654,0.72,8,-4.785,0,0.464,0.125,0,0.153,0.472,91.105,223640,FALSE,"All Falls Down","https://open.spotify.com/track/6lUhpV6LjQ5uvcavlCutBF","The College Dropout","G#","minor","G# minor"
"293",2004,0.265,0.245,6,-11.427,1,0.0282,0.748,0,0.123,0.573,86.305,69653,FALSE,"I'll Fly Away","https://open.spotify.com/track/2C7Wlp5RBywogf1HghaExt","The College Dropout","F#","major","F# major"
"294",2004,0.533,0.747,10,-5.34,0,0.162,0.517,0,0.612,0.669,178.12,324226,FALSE,"Spaceship","https://open.spotify.com/track/0pNVJwSLl1J4RfKzAQ2MTS","The College Dropout","A#","minor","A# minor"
"295",2004,0.623,0.839,6,-4.725,1,0.391,0.571,0,0.293,0.689,87.277,193733,FALSE,"Jesus Walks","https://open.spotify.com/track/2kH3RZN9KdGBj1c1jL3GjO","The College Dropout","F#","major","F# major"
"296",2004,0.464,0.819,11,-4.703,0,0.394,0.378,0,0.191,0.636,82.103,324440,FALSE,"Never Let Me Down - Album Version (Edited)","https://open.spotify.com/track/7BdB5ZFpxHhafOAIisN2gX","The College Dropout","B","minor","B minor"
"297",2004,0.681,0.606,11,-5.975,0,0.354,0.191,0,0.0921,0.684,87.188,289493,FALSE,"Get Em High","https://open.spotify.com/track/3ytFAEqtuwlh0xRBz0npqs","The College Dropout","B","minor","B minor"
"298",2004,0.716,0.302,5,-14.232,0,0.956,0.777,0,0.69,0.805,118.917,46173,FALSE,"Workout Plan","https://open.spotify.com/track/6ZW9HLMpMcHTy7U3iudYgE","The College Dropout","F","minor","F minor"
"299",2004,0.71,0.752,2,-5.878,1,0.199,0.00932,0,0.352,0.654,118.022,322800,FALSE,"The New Workout Plan","https://open.spotify.com/track/6Pm5JJ35lX5ysV9PdB1iUH","The College Dropout","D","major","D major"
"300",2004,0.572,0.748,2,-5.52,0,0.173,0.396,0,0.309,0.62,145.076,316053,FALSE,"Slow Jamz","https://open.spotify.com/track/6lxyoqQJXYpUXM3hc46zX4","The College Dropout","D","minor","D minor"
"301",2004,0.627,0.688,1,-3.058,0,0.485,0.335,0,0.164,0.887,89.33,246960,FALSE,"Breathe In Breathe Out","https://open.spotify.com/track/7Joe56uHGGb8OmRRtGUkxm","The College Dropout","C#","minor","C# minor"
"302",2004,0.694,0.214,10,-15.225,0,0.946,0.311,0,0.377,0.584,82.25,78666,FALSE,"School Spirit Skit 1","https://open.spotify.com/track/3HZXg10VCnShuuzxOuuKyj","The College Dropout","A#","minor","A# minor"
"303",2004,0.482,0.785,10,-5.44,0,0.199,0.343,0,0.212,0.62,86.229,182386,FALSE,"School Spirit","https://open.spotify.com/track/5Hgsqnx2r058zSNB0HWSqB","The College Dropout","A#","minor","A# minor"
"304",2004,0.721,0.305,1,-12.623,1,0.915,0.324,0,0.224,0.829,127.135,43533,FALSE,"School Spirit Skit 2","https://open.spotify.com/track/0j5zgpKOso057lLKUls6MI","The College Dropout","C#","major","C# major"
"305",2004,0.624,0.277,10,-12.469,1,0.469,0.805,0,0.392,0.709,89.921,53653,FALSE,"Lil Jimmy Skit","https://open.spotify.com/track/2VNFO7oqMzIDMkNMlC2rnL","The College Dropout","A#","major","A# major"
"306",2004,0.588,0.798,8,-4.808,0,0.236,0.0112,2.32e-05,0.214,0.447,85.108,266200,FALSE,"Two Words","https://open.spotify.com/track/63WSISRJQjqurdT1CZV9aC","The College Dropout","G#","minor","G# minor"
"307",2004,0.591,0.745,7,-6.112,1,0.217,0.00861,7.05e-06,0.161,0.656,82.999,221226,FALSE,"Through The Wire","https://open.spotify.com/track/0tDQlF2t00FEAlizuaHpbO","The College Dropout","G","major","G major"
"308",2004,0.743,0.511,9,-7.989,0,0.21,0.133,0,0.473,0.544,93.705,278893,FALSE,"Family Business","https://open.spotify.com/track/1Pq1AgDICKXZvGWxLzBYH7","The College Dropout","A","minor","A minor"
"309",2004,0.655,0.717,8,-6.85,1,0.328,0.572,0,0.366,0.853,87.849,760960,FALSE,"Last Call","https://open.spotify.com/track/0CnlGvfNM09rtLvN9Ojvd5","The College Dropout","G#","major","G# major"
